texture,architecture,resolutions,feat_dim,psnr,num_params,neural_kb,raw_kb,compression_ratio
water,Small,"(64,)",2,25.065506,12739,49.76171875,768.0,0.06479390462239583
water,Medium,"(16, 32, 64)",2,26.92765,15555,60.76171875,768.0,0.0791168212890625
water,Large,"(16, 32, 64, 128)",4,34.137375,92483,361.26171875,768.0,0.4703928629557292
dirt,Small,"(64,)",2,24.868994,12739,49.76171875,675.0,0.07372106481481482
dirt,Medium,"(16, 32, 64)",2,25.24088,15555,60.76171875,675.0,0.09001736111111111
dirt,Large,"(16, 32, 64, 128)",4,30.016617,92483,361.26171875,675.0,0.5352025462962963
ships,Small,"(64,)",2,26.799137,12739,49.76171875,768.0,0.06479390462239583
ships,Medium,"(16, 32, 64)",2,27.366028,15555,60.76171875,768.0,0.0791168212890625
ships,Large,"(16, 32, 64, 128)",4,30.08375,92483,361.26171875,768.0,0.4703928629557292
